City_ID,City,Country,Lat,Lng,Max Temp,Humidity,Cloudiness,Wind Speed,Current Description
0,San Andres,CO,12.5847,-81.7006,82.42,89,40,4.61,scattered clouds
1,Bredasdorp,ZA,-34.5322,20.0403,64.72,53,88,7.47,overcast clouds
2,Jamestown,US,42.097,-79.2353,72.95,74,75,9.22,broken clouds
3,Cidreira,BR,-30.1811,-50.2056,66.81,77,80,17.54,broken clouds
4,Cape Town,ZA,-33.9258,18.4232,69.12,54,20,11.5,few clouds
5,Bodden Town,KY,19.2833,-81.25,80.6,83,40,4.61,scattered clouds
6,Trincomalee,LK,8.5711,81.2335,82.4,76,66,22.64,broken clouds
7,Vila Do Maio,CV,15.1333,-23.2167,86.79,80,95,12.57,overcast clouds
8,Hermanus,ZA,-34.4187,19.2345,66.79,65,13,5.79,few clouds
9,East London,ZA,-33.0153,27.9116,68.94,64,0,17.27,clear sky
10,Sabla,NG,12.7525,4.7077,103.33,22,98,7.54,overcast clouds
11,Port Elizabeth,ZA,-33.918,25.5701,68.09,75,20,18.41,few clouds
12,Port Alfred,ZA,-33.5906,26.891,68.18,69,99,5.99,overcast clouds
13,Tasiilaq,GL,65.6145,-37.6368,28.56,61,100,4.83,overcast clouds
14,Ushuaia,AR,-54.8,-68.3,40.62,87,40,9.22,scattered clouds
15,Mahebourg,MU,-20.4081,57.7,77.29,65,20,5.75,few clouds
16,Busselton,AU,-33.65,115.3333,58.98,68,81,11.79,broken clouds
17,Saint-Pierre,RE,-21.3393,55.4781,76.68,69,0,19.57,clear sky
18,Chicama,PE,-7.8447,-79.1469,61.34,78,95,5.79,overcast clouds
19,Bowmore,US,34.9421,-79.3031,70.75,73,90,3.65,overcast clouds
20,Sambava,MG,-14.2667,50.1667,78.19,69,0,17.58,clear sky
21,Jumla,NP,29.2747,82.1838,60.4,80,90,1.03,overcast clouds
22,Henties Bay,NA,-22.116,14.2845,62.74,67,0,10.29,clear sky
23,Saint-Philippe,RE,-21.3585,55.7679,76.59,80,45,11.25,light rain
24,Jawa,JO,31.8525,35.9393,95.31,9,100,17.27,dust
25,Upernavik,GL,72.7868,-56.1549,17.13,74,13,1.3,few clouds
26,Oussouye,SN,12.485,-16.5469,95.18,34,74,9.57,broken clouds
27,Brae,GB,60.3964,-1.353,51.49,78,99,15.26,overcast clouds
28,Kamenka,RU,51.3223,42.7678,59.63,67,93,11.1,light rain
29,Sananduva,BR,-27.9497,-51.8067,63.75,77,70,6.76,broken clouds
30,Qaanaaq,GL,77.484,-69.3632,17.46,68,42,4.65,scattered clouds
31,Georgetown,MY,5.4112,100.3354,85.98,78,20,8.05,few clouds
32,Ilulissat,GL,69.2167,-51.1,24.82,68,75,0.0,broken clouds
33,Kasempa,ZM,-13.4584,25.8338,77.92,33,0,6.91,clear sky
34,Rock Sound,BS,24.9,-76.2,76.08,85,100,25.21,very heavy rain
35,Mar Del Plata,AR,-38.0023,-57.5575,54.95,64,0,5.75,clear sky
36,Margate,GB,51.3813,1.3862,68.11,63,2,7.11,clear sky
37,Hithadhoo,MV,-0.6,73.0833,83.43,70,82,9.44,broken clouds
38,Coquimbo,CL,-29.9533,-71.3436,51.53,93,100,3.44,overcast clouds
39,Nacaome,HN,13.5361,-87.4875,80.83,40,65,1.86,broken clouds
40,Feldbach,AT,46.9531,15.8883,79.68,46,86,6.15,overcast clouds
41,Pauini,BR,-7.7136,-66.9764,83.44,75,99,2.66,overcast clouds
42,Kalabo,ZM,-14.97,22.6814,83.75,25,4,6.62,clear sky
43,Korla,CN,41.7597,86.1469,73.38,23,5,5.79,clear sky
44,Los Llanos De Aridane,ES,28.6585,-17.9182,69.55,70,75,10.0,broken clouds
45,Olinda,BR,-8.0089,-34.8553,76.73,100,75,5.75,broken clouds
46,Ankazoabo,MG,-22.2833,44.5167,80.8,31,13,4.36,few clouds
47,Codrington,AU,-38.2667,141.9667,54.81,93,0,9.84,clear sky
48,Kiboga,UG,0.9161,31.7742,65.35,93,99,2.91,light rain
49,Faya,SA,18.3851,42.4509,84.31,11,28,15.86,scattered clouds
50,Mezica,SI,46.5214,14.8544,75.36,74,100,4.07,overcast clouds
51,Zaysan,KZ,47.4667,84.8667,70.02,22,100,5.32,overcast clouds
52,Salta,AR,-24.7859,-65.4117,59.59,79,75,5.75,broken clouds
53,Marzuq,YE,14.4,46.4667,91.2,8,91,18.52,overcast clouds
54,Iqaluit,CA,63.7506,-68.5145,19.13,73,40,23.02,light snow
55,Carnarvon,AU,-24.8667,113.6333,68.04,43,0,15.77,clear sky
56,Kashary,RU,49.04,41.0056,57.72,75,100,11.25,light rain
57,Chuy,UY,-33.6971,-53.4616,65.37,65,20,6.31,few clouds
58,Talnakh,RU,69.4865,88.3972,35.69,100,100,5.93,overcast clouds
59,Victoria,HK,22.2855,114.1577,77.38,93,100,13.0,overcast clouds
60,Niort,FR,46.3333,-0.3333,80.62,46,100,1.99,overcast clouds
61,Trinidad,BO,-14.8333,-64.9,78.78,83,20,0.0,few clouds
62,Manavalakurichi,IN,8.1333,77.3,80.38,81,100,12.77,overcast clouds
63,Grand-Lahou,CI,5.1367,-5.0242,76.12,85,100,4.76,light rain
64,General Roca,AR,-39.0333,-67.5833,52.59,35,0,5.46,clear sky
65,Kavaratti,IN,10.5669,72.642,80.26,83,100,26.49,overcast clouds
66,Necochea,AR,-38.5473,-58.7368,52.56,51,0,12.62,clear sky
67,Pangoa,PE,-12.1167,-73.0,79.95,60,6,1.77,clear sky
68,Totskoye,RU,52.5248,52.7623,58.24,65,100,9.26,overcast clouds
69,Tarnow,PL,50.0138,20.987,70.05,54,29,13.35,scattered clouds
70,Santiago,CL,-33.4569,-70.6483,62.29,70,75,3.44,haze
71,Bathsheba,BB,13.2167,-59.5167,83.01,69,75,19.57,broken clouds
72,Saint Anthony,US,45.0205,-93.218,69.93,55,0,11.5,clear sky
73,Vardo,NO,70.3705,31.1107,40.98,81,20,8.05,few clouds
74,Arraial Do Cabo,BR,-22.9661,-42.0278,78.66,61,20,4.61,few clouds
75,French Harbor,HN,16.35,-86.4333,83.07,75,20,4.61,few clouds
76,Mercedes,AR,-34.6515,-59.4307,60.64,39,4,10.25,clear sky
77,Kuytun,RU,54.3419,101.5036,58.32,27,12,4.74,few clouds
78,Plettenberg Bay,ZA,-34.0527,23.3716,63.34,62,32,6.38,scattered clouds
79,Clyde River,CA,70.4692,-68.5914,23.23,80,100,14.97,overcast clouds
80,Sao Joao Da Barra,BR,-21.6403,-41.0511,77.09,64,11,6.71,few clouds
81,Praia,CV,14.9215,-23.5087,86.54,39,0,27.63,clear sky
82,Mariakani,KE,-3.8633,39.4736,82.71,60,70,14.0,broken clouds
83,Gat,IL,31.61,34.7642,99.39,34,100,15.05,overcast clouds
84,Havoysund,NO,70.9963,24.6622,39.43,86,78,8.03,broken clouds
85,Warud,IN,21.4667,78.2667,104.02,14,84,8.95,broken clouds
86,Punta Arenas,CL,-53.15,-70.9167,42.91,81,20,13.8,few clouds
87,Oranjestad,AW,12.524,-70.027,84.15,70,40,25.32,scattered clouds
88,Calvinia,ZA,-31.4707,19.776,62.82,28,0,7.05,clear sky
89,Skibbereen,IE,51.55,-9.2667,57.11,61,5,8.03,clear sky
90,Aksarka,RU,66.5606,67.7975,43.9,98,99,13.09,overcast clouds
91,Cayenne,GF,4.9333,-52.3333,84.09,1,100,6.91,overcast clouds
92,Marsabit,KE,2.3284,37.9899,77.14,46,69,16.67,broken clouds
93,Ponta Do Sol,PT,32.6667,-17.1,76.71,63,17,9.91,few clouds
94,Solano,US,38.2333,-121.9511,61.27,83,0,9.22,clear sky
95,Madingou,CG,-4.1536,13.55,86.22,69,79,2.75,light rain
96,Lamu,KE,-2.2717,40.902,84.42,76,48,14.23,scattered clouds
97,Minab,IR,27.1467,57.0801,93.52,38,0,6.91,haze
98,Viedma,AR,-40.8135,-62.9967,55.62,49,0,16.89,clear sky
99,Ilebo,CD,-4.3167,20.5833,86.11,56,100,1.97,overcast clouds
100,Dimbokro,CI,6.6451,-4.7048,82.35,74,100,2.68,overcast clouds
101,Rapsani,GR,39.902,22.5485,81.12,49,76,3.4,broken clouds
102,Castro,BR,-24.7911,-50.0119,64.76,67,100,5.1,overcast clouds
103,Boda,CF,4.3189,17.4695,90.68,43,82,2.77,broken clouds
104,Jaru,BR,-10.4389,-62.4664,83.73,72,3,2.17,clear sky
105,Mbini,GQ,1.574,9.6134,82.92,79,97,8.32,moderate rain
106,Dhrangadhra,IN,22.9833,71.4667,97.41,32,0,20.56,clear sky
107,Gambela,ET,8.25,34.5833,96.64,34,93,8.48,overcast clouds
108,Pisco,PE,-13.7,-76.2167,61.02,94,100,4.61,mist
109,Vestmannaeyjar,IS,63.4427,-20.2734,43.79,81,75,21.85,broken clouds
110,Luderitz,NA,-26.6481,15.1594,68.97,50,0,18.61,clear sky
111,Torbay,CA,47.6666,-52.7314,40.28,95,100,12.66,light intensity shower rain
112,Laguna,US,38.421,-121.4238,62.78,90,0,0.0,clear sky
113,Nanortalik,GL,60.1432,-45.2371,32.34,78,88,8.61,overcast clouds
114,Turukhansk,RU,65.8167,87.9833,51.67,81,34,5.88,scattered clouds
115,Richards Bay,ZA,-28.783,32.0377,70.52,84,100,7.54,overcast clouds
116,Salinas,US,36.6777,-121.6555,53.96,91,100,4.61,fog
117,Touros,BR,-5.1989,-35.4608,85.01,70,41,14.9,scattered clouds
118,Lieksa,FI,63.3167,30.0167,49.62,52,38,4.34,scattered clouds
119,Karatau,KZ,43.1667,70.4667,59.67,77,100,13.09,moderate rain
120,Baoro,CF,5.6667,15.9667,86.97,45,100,4.52,overcast clouds
121,Dikson,RU,73.5069,80.5464,32.27,96,100,11.54,overcast clouds
122,Kutum,SD,14.2,24.6667,97.63,15,69,9.69,broken clouds
123,Qaqortoq,GL,60.7167,-46.0333,32.77,75,93,7.78,overcast clouds
124,Grindavik,IS,63.8424,-22.4338,48.15,57,75,8.05,broken clouds
125,Salalah,OM,17.0151,54.0924,105.89,6,6,13.8,dust
126,Kruisfontein,ZA,-34.0033,24.7314,65.88,61,91,13.6,overcast clouds
127,Polovinnoye,RU,54.7914,65.9864,58.93,62,100,6.17,overcast clouds
128,Saint-Joseph,RE,-21.3667,55.6167,75.58,80,25,12.17,scattered clouds
129,Jardim Do Serido,BR,-6.5844,-36.7744,91.35,43,17,13.89,few clouds
130,Bambous Virieux,MU,-20.3428,57.7575,77.25,65,20,5.75,few clouds
131,Jiwani,PK,25.05,61.7417,88.29,57,0,12.12,clear sky
132,Montecristi,EC,-1.05,-80.6667,73.22,88,100,6.91,overcast clouds
133,Chapais,CA,49.7834,-74.8492,53.38,70,93,5.77,overcast clouds
134,Buraydah,SA,26.326,43.975,95.45,6,0,21.77,clear sky
135,Dingle,PH,10.9995,122.6711,79.54,85,81,1.66,broken clouds
136,Hamilton,US,39.1834,-84.5333,76.59,71,40,3.44,scattered clouds
137,Minas Novas,BR,-17.2186,-42.5903,73.98,63,100,5.26,overcast clouds
138,Manono,CD,-7.3,27.4167,88.68,35,56,5.97,broken clouds
139,Miraflores,MX,19.2167,-98.8083,65.03,45,68,2.53,broken clouds
140,Montbrison,FR,45.6667,4.0833,79.14,52,80,3.44,broken clouds
141,Lumeje,AO,-11.55,20.7833,83.61,25,5,7.56,clear sky
142,Sao Filipe,CV,14.8961,-24.4956,78.31,62,14,2.86,few clouds
143,Bodh Gaya,IN,24.7,84.9833,96.69,46,0,3.44,haze
144,Cururupu,BR,-1.8283,-44.8683,84.42,74,91,7.29,overcast clouds
145,Ostrovnoy,RU,68.0531,39.5131,40.84,76,100,8.39,overcast clouds
146,Chake Chake,TZ,-5.2459,39.7666,81.46,73,99,10.42,overcast clouds
147,Salinopolis,BR,-0.6136,-47.3561,82.17,84,55,10.47,broken clouds
148,Markivka,UA,49.5229,39.5705,60.58,60,100,10.85,overcast clouds
149,Swellendam,ZA,-34.0226,20.4417,66.45,47,50,4.68,scattered clouds
150,Ouadda,CF,8.0777,22.4007,89.64,43,100,2.35,light rain
151,Uige,AO,-7.6087,15.0613,84.22,65,40,6.91,scattered clouds
152,Sergeyevka,KZ,53.88,67.4158,58.32,82,100,11.59,moderate rain
153,Risod,IN,19.9667,76.7833,99.97,20,2,10.07,clear sky
154,Vestmanna,FO,62.1564,-7.1664,47.32,87,100,6.91,light rain
155,Doha,QA,25.2867,51.5333,93.51,18,0,21.85,dust
156,Mubi,NG,10.2676,13.2644,97.48,26,86,9.91,overcast clouds
157,Acarau,BR,-2.8856,-40.12,80.38,83,100,12.68,overcast clouds
158,Paamiut,GL,61.994,-49.6678,27.05,62,100,10.76,overcast clouds
159,San Cristobal,VE,7.7669,-72.225,73.58,63,100,7.61,overcast clouds
160,Ambovombe,MG,-25.1667,46.0833,73.26,72,0,9.75,clear sky
161,Bubaque,GW,11.2833,-15.8333,78.42,79,30,9.08,scattered clouds
162,Apatou,GF,5.155,-54.3472,77.79,95,98,2.33,moderate rain
163,Vogan,TG,6.3333,1.5333,87.62,59,95,10.92,overcast clouds
164,Aleksandrov Gay,RU,50.147,48.5704,63.84,53,100,12.93,overcast clouds
165,Lixourion,GR,38.2019,20.4314,73.4,83,20,12.66,few clouds
166,Narsaq,GL,60.9167,-46.05,32.22,74,98,3.91,light snow
167,Padang,ID,-0.9492,100.3543,84.25,83,6,3.47,clear sky
168,Hornepayne,CA,49.2138,-84.7705,63.75,75,100,5.28,overcast clouds
169,Vigrestad,NO,58.5667,5.7,50.95,79,47,12.73,scattered clouds
170,Agadir,MA,30.4202,-9.5982,81.05,46,61,11.68,broken clouds
171,Diamantino,BR,-14.4086,-56.4461,88.02,40,1,4.9,clear sky
172,Bengkulu,ID,-3.8004,102.2655,80.04,88,93,5.03,overcast clouds
173,Salon,IN,26.0333,81.45,102.97,8,0,7.56,clear sky
174,Ilek,RU,51.5271,53.3831,60.8,63,97,8.66,overcast clouds
175,Caluquembe,AO,-13.7833,14.6833,78.73,29,22,1.68,few clouds
176,Saint George,US,37.1041,-113.5841,55.99,15,0,0.0,clear sky
177,Avesta,SE,60.1455,16.1679,61.12,42,70,7.16,broken clouds
178,Paranagua,BR,-25.52,-48.5092,74.01,62,98,2.73,overcast clouds
179,Inhambane,MZ,-23.865,35.3833,75.29,68,0,7.67,clear sky
180,Nampula,MZ,-15.1165,39.2666,80.55,47,40,6.91,scattered clouds
181,Puerto Ayacucho,VE,5.6639,-67.6236,84.65,71,89,1.45,moderate rain
182,Camabatela,AO,-8.1881,15.375,74.05,66,100,2.95,overcast clouds
183,Torrijos,ES,39.9819,-4.2835,82.08,19,44,8.01,scattered clouds
184,Santa Ines,BR,-3.6667,-45.38,85.51,71,61,6.33,broken clouds
185,Asti,IT,44.8979,8.2068,83.57,56,10,5.21,clear sky
186,Longyearbyen,SJ,78.2186,15.6401,28.24,69,40,6.91,scattered clouds
187,Atri,IT,42.5778,13.9848,77.07,48,100,5.84,overcast clouds
188,Sakakah,SA,29.9697,40.2064,96.37,10,25,8.7,scattered clouds
189,Sabalgarh,IN,26.25,77.4,105.13,7,16,7.09,few clouds
190,Mindelo,CV,16.8901,-24.9804,85.55,42,0,32.21,clear sky
191,Sistranda,NO,63.7256,8.834,44.56,79,100,30.65,overcast clouds
192,Grand Gaube,MU,-20.0064,57.6608,77.4,66,8,4.0,clear sky
193,Ribeira Grande,PT,38.5167,-28.7,61.2,94,75,33.38,drizzle rain
194,Ploemeur,FR,47.7333,-3.4333,73.85,57,75,12.66,broken clouds
195,Casablanca,MA,33.5928,-7.6192,82.62,68,40,9.22,scattered clouds
196,Concepcion Del Uruguay,AR,-32.4825,-58.2372,62.26,80,0,1.99,clear sky
197,Harper,LR,4.375,-7.7169,82.38,79,88,9.93,light rain
198,Ugoofaaru,MV,5.6667,73.0,80.73,82,100,20.45,light rain
199,Kem,RU,64.9555,34.5793,42.01,93,100,4.88,overcast clouds
200,Humaita,BR,-7.5061,-63.0208,83.93,76,69,3.36,broken clouds
201,Vila Velha,BR,-20.3297,-40.2925,80.55,65,40,11.5,scattered clouds
202,Bilma,NE,18.6853,12.9164,98.38,9,0,17.56,clear sky
203,Coleraine,GB,55.1333,-6.6667,66.11,71,60,3.53,broken clouds
204,Pokhara,NP,28.2333,83.9833,76.35,60,89,5.75,overcast clouds
205,Umm Lajj,SA,25.0213,37.2685,90.95,41,0,3.47,clear sky
206,Amapa,BR,1.0,-52.0,81.14,82,100,2.75,overcast clouds
207,Takoradi,GH,4.8845,-1.7554,85.14,69,76,10.58,broken clouds
208,Havelock,US,34.8791,-76.9013,69.75,95,75,3.44,broken clouds
209,Nouadhibou,MR,20.931,-17.0347,72.21,64,100,21.83,overcast clouds
210,Muravlenko,RU,63.7898,74.523,61.99,52,43,9.01,scattered clouds
211,Monastyrshchina,RU,54.3496,31.838,54.52,67,99,11.12,light rain
212,Aden,YE,12.7794,45.0367,88.7,63,77,6.26,broken clouds
213,Sur,OM,22.5667,59.5289,86.76,64,0,10.27,clear sky
214,Kursk,RU,51.7303,36.1939,66.4,39,0,15.66,clear sky
215,Dwarka,IN,22.2394,68.9678,84.7,81,0,14.94,clear sky
216,Zdvinsk,RU,54.7021,78.661,64.11,61,13,10.56,few clouds
217,Cockburn Town,TC,21.4612,-71.1419,79.36,86,100,22.46,overcast clouds
218,Tobane,BW,-21.95,27.9,83.62,17,4,9.33,clear sky
219,Cotonou,BJ,6.3654,2.4183,87.78,70,40,9.22,scattered clouds
220,Mirandopolis,BR,-21.1336,-51.1017,81.52,39,5,8.88,clear sky
221,Wagar,SD,16.1525,36.2032,109.56,8,0,8.88,clear sky
222,Pocone,BR,-16.2567,-56.6228,90.37,37,90,5.37,overcast clouds
223,Saldanha,ZA,-33.0117,17.9442,69.85,70,0,15.01,clear sky
224,Jalu,LY,29.0331,21.5482,82.24,21,0,13.89,clear sky
225,Derzhavinsk,KZ,51.1,66.3167,60.39,69,98,17.85,overcast clouds
226,Senanga,ZM,-16.1167,23.2667,85.53,23,10,6.96,clear sky
227,Bell Ville,AR,-32.6259,-62.6887,59.81,66,83,7.85,broken clouds
228,Colombo,LK,6.9319,79.8478,80.55,92,100,23.24,light rain
229,Bara,NG,10.3744,10.7288,99.46,24,100,9.57,overcast clouds
230,Longonjo,AO,-12.9067,15.2533,82.27,31,30,1.92,scattered clouds
231,Tarnogskiy Gorodok,RU,60.4997,43.5761,44.08,95,100,4.92,overcast clouds
232,Kambove,CD,-10.8764,26.5969,74.23,43,9,6.2,clear sky
233,Nioro,GM,13.35,-15.75,104.04,18,71,2.77,broken clouds
234,Lagoa,PT,39.05,-27.9833,61.34,78,100,22.59,overcast clouds
235,Torbat-E Jam,IR,35.244,60.6225,64.72,36,76,20.27,broken clouds
236,Klaksvik,FO,62.2266,-6.589,49.12,86,100,6.8,overcast clouds
237,Maragogi,BR,-9.0122,-35.2225,83.01,74,100,10.38,overcast clouds
238,Sisimiut,GL,66.9395,-53.6735,25.32,57,76,7.54,broken clouds
239,Umm Kaddadah,SD,13.6017,26.6876,104.5,13,11,3.11,few clouds
240,Goderich,CA,43.7501,-81.7165,71.92,68,6,8.05,clear sky
241,Roccastrada,IT,43.0099,11.1665,79.09,27,0,8.95,clear sky
242,Muros,ES,42.7762,-9.0603,84.69,46,72,6.17,broken clouds
243,Matara,LK,5.9485,80.5353,77.79,94,100,15.79,overcast clouds
244,Mogadishu,SO,2.0371,45.3438,87.67,70,20,17.27,few clouds
245,Troitsko-Pechorsk,RU,62.7084,56.1964,48.52,91,100,2.46,moderate rain
246,Tanga,TZ,-5.0667,39.1,82.54,68,72,11.79,broken clouds
247,Ancud,CL,-41.8697,-73.8203,50.14,87,76,5.46,broken clouds
248,Isla Mujeres,MX,21.2311,-86.731,78.17,56,0,4.18,clear sky
249,Aranda De Duero,ES,41.6704,-3.6892,70.12,55,99,4.59,light rain
250,Yar-Sale,RU,66.8333,70.8333,37.74,100,100,11.77,overcast clouds
251,Riyadh,SA,24.6877,46.7219,93.34,6,0,24.92,clear sky
252,Reconquista,AR,-29.15,-59.65,62.08,74,99,7.7,overcast clouds
253,Namibe,AO,-15.1961,12.1522,75.83,73,0,11.5,clear sky
254,Mumford,GH,5.2618,-0.759,84.29,73,100,11.41,overcast clouds
255,Bud,US,39.447,-86.1758,77.9,72,21,4.94,few clouds
256,Surok,RU,56.4469,48.1214,56.75,65,84,9.82,light rain
257,Butajira,ET,8.1167,38.3667,81.19,18,64,18.32,broken clouds
258,Leshukonskoye,RU,64.8989,45.7622,59.32,69,85,8.21,light rain
259,Bardiyah,LY,31.7561,25.0865,72.03,51,0,13.42,clear sky
260,Skjervoy,NO,70.0311,20.9714,46.4,90,100,5.46,overcast clouds
261,Halifax,CA,44.6453,-63.5724,73.4,63,19,8.05,few clouds
262,Areosa,PT,41.7178,-8.8571,72.07,54,21,6.26,few clouds
263,Galle,LK,6.0367,80.217,78.42,93,100,18.43,overcast clouds
264,Mehamn,NO,71.0357,27.8492,42.71,75,54,4.59,broken clouds
265,Bougouni,ML,11.417,-7.479,106.52,13,35,8.08,scattered clouds
266,Lebu,CL,-37.6167,-73.65,50.72,69,96,16.11,overcast clouds
267,Aparecida Do Taboado,BR,-20.0867,-51.0936,83.46,40,5,7.36,clear sky
268,Berlevag,NO,70.8578,29.0864,42.75,56,41,9.22,scattered clouds
269,Alta Floresta,BR,-9.8756,-56.0861,87.62,62,0,6.91,clear sky
270,El Cope,PA,8.6167,-80.6,74.32,82,100,2.33,overcast clouds
271,Lunel,FR,43.6778,4.1361,81.55,57,0,13.8,clear sky
272,Zaraza,VE,9.3503,-65.3245,90.09,43,57,10.36,broken clouds
273,Tazovskiy,RU,67.4667,78.7,38.03,100,100,8.19,overcast clouds
274,Ornskoldsvik,SE,63.2909,18.7153,56.35,44,40,18.41,scattered clouds
275,Suzun,RU,53.7841,82.3116,68.67,43,14,6.11,light rain
276,Marrakesh,MA,31.6315,-8.0083,86.07,25,40,8.05,scattered clouds
277,Mahanje,TZ,-9.9333,35.3333,73.31,64,57,1.77,broken clouds
278,Mounana,GA,-1.4085,13.1586,91.31,53,68,1.54,broken clouds
279,Rocha,UY,-34.4833,-54.3333,62.94,67,7,5.17,clear sky
280,Ciro Marina,IT,39.3732,17.126,82.27,58,25,9.42,scattered clouds
281,Maarianhamina,AX,60.0973,19.9348,53.46,66,20,12.66,few clouds
282,Puerto Del Rosario,ES,28.5004,-13.8627,73.15,68,20,8.05,few clouds
283,Luanda,AO,-8.8368,13.2343,82.4,69,40,10.36,scattered clouds
284,Tucupita,VE,9.0622,-62.051,87.58,52,40,7.02,scattered clouds
285,Gazanjyk,TM,39.2446,55.5154,78.04,28,1,2.86,clear sky
286,Rio Grande,BR,-32.035,-52.0986,58.95,76,100,11.48,overcast clouds
287,Najran,SA,17.4924,44.1277,93.85,9,0,16.93,clear sky
288,Quatre Cocos,MU,-20.2078,57.7625,77.11,70,60,12.12,broken clouds
289,Jaciara,BR,-15.9653,-54.9683,86.27,43,12,4.72,few clouds
290,Kirovsk,UA,48.6375,38.6428,55.15,82,100,5.88,light rain
291,Ankazobe,MG,-18.3167,47.1167,67.66,55,15,2.19,few clouds
292,Meteti,PA,8.4983,-77.9786,80.55,84,77,1.68,broken clouds
293,Aksu,CN,41.1231,80.2644,71.11,35,100,5.28,overcast clouds
294,Puerto Cabezas,NI,14.0351,-83.3888,80.56,89,40,4.61,scattered clouds
295,Nouakchott,MR,18.0858,-15.9785,111.13,19,84,5.97,broken clouds
296,Garowe,SO,8.4054,48.4845,97.66,18,20,6.76,few clouds
297,Bhalwal,PK,32.272,72.9043,103.08,4,1,5.61,clear sky
298,Hambantota,LK,6.1241,81.1185,77.34,100,100,11.5,overcast clouds
299,Goundi,TD,9.3627,17.366,102.24,25,68,3.29,broken clouds
300,Thinadhoo,MV,0.5333,72.9333,84.29,65,100,12.33,overcast clouds
301,Straumen,NO,63.8709,11.2999,44.6,88,100,16.55,light rain
302,Morondava,MG,-20.2833,44.2833,80.02,58,0,10.11,clear sky
303,Jijiga,ET,9.35,42.8,84.54,14,52,17.31,broken clouds
304,Medea,DZ,36.2642,2.7539,82.22,28,56,2.24,broken clouds
305,Treinta Y Tres,UY,-33.2333,-54.3833,62.91,73,3,6.2,clear sky
306,Maceio,BR,-9.6658,-35.7353,78.24,94,75,5.75,mist
307,Vawkavysk,BY,53.1561,24.4513,57.61,66,83,18.19,broken clouds
308,Geraldton,AU,-28.7667,114.6,61.21,82,40,5.75,scattered clouds
309,Dudinka,RU,69.4058,86.1778,34.47,100,100,4.59,overcast clouds
310,Mahanoro,MG,-19.9,48.8,73.56,69,4,4.85,clear sky
311,Ermelo,ZA,-26.5333,29.9833,69.17,26,92,6.08,overcast clouds
312,Bukama,CD,-9.2,25.85,88.03,33,8,4.54,clear sky
313,Westport,US,41.1415,-73.3579,73.44,92,100,0.0,mist
314,Ventspils,LV,57.3894,21.5606,51.73,87,0,10.36,clear sky
315,Muzhi,RU,65.3667,64.6667,51.67,92,100,6.13,heavy intensity rain
316,Mpulungu,ZM,-8.7623,31.1141,79.95,56,16,3.13,few clouds
317,Villingen-Schwenningen,DE,48.0667,8.45,74.59,48,32,6.8,scattered clouds
318,Japura,ID,-0.3167,102.35,77.79,94,31,3.33,scattered clouds
319,Killybegs,IE,54.6333,-8.45,60.51,65,100,5.06,overcast clouds
320,Shelburne,CA,44.0787,-80.2041,72.36,64,0,7.45,clear sky
321,Conceicao Da Barra,BR,-18.5933,-39.7322,79.52,65,100,9.4,overcast clouds
322,Mamallapuram,IN,12.6264,80.1722,86.05,74,100,16.82,overcast clouds
323,Ponta Delgada,PT,37.7333,-25.6667,69.49,68,20,18.41,few clouds
324,Mecca,SA,21.4267,39.8261,102.99,16,0,17.96,clear sky
325,Mariel,CU,22.9875,-82.7536,77.14,61,0,6.67,clear sky
326,Senekal,ZA,-28.3197,27.6208,70.3,20,66,14.16,broken clouds
327,Balkhash,KZ,46.844,74.9804,63.41,64,74,6.38,broken clouds
328,Albany,US,42.6001,-73.9662,73.27,76,58,1.92,broken clouds
329,Canakkale,TR,40.0833,26.8333,68.58,59,87,5.17,overcast clouds
330,Mattru,SL,7.6244,-11.8332,95.4,47,63,2.24,broken clouds
331,Sens,FR,48.1667,3.3333,70.3,53,95,5.19,overcast clouds
332,Tabuk,PH,17.4189,121.4443,73.63,94,100,3.4,overcast clouds
333,Saint-Francois,FR,46.4154,3.9054,81.68,39,0,3.44,clear sky
334,Caravelas,BR,-17.7125,-39.2481,76.64,84,100,9.66,overcast clouds
335,Dirba,IN,30.0667,75.9833,104.81,4,0,7.83,clear sky
336,El Porvenir,HN,13.7617,-87.3458,69.13,41,39,1.25,scattered clouds
337,Osakarovka,KZ,50.565,72.5692,69.42,47,79,7.0,broken clouds
338,Puerto Narino,CO,-3.7703,-70.3831,76.96,96,99,1.81,overcast clouds
339,Derazhnya,UA,49.2692,27.4338,58.89,65,100,15.01,overcast clouds
340,Mayumba,GA,-3.432,10.6554,81.12,83,64,9.78,light rain
341,Xacmaz,AZ,41.4635,48.806,74.25,50,2,7.45,clear sky
342,Belmonte,BR,-15.8631,-38.8828,77.88,84,96,10.11,overcast clouds
343,Joensuu,FI,62.6012,29.7632,59.49,36,0,11.5,clear sky
344,Maua,BR,-23.6678,-46.4614,73.08,69,2,4.88,clear sky
345,Bandarbeyla,SO,9.4942,50.8122,86.04,70,3,21.79,clear sky
346,Oksfjord,NO,70.2396,22.3479,48.27,99,100,6.26,overcast clouds
347,Martinsburg,US,39.4562,-77.9639,70.48,90,100,0.0,overcast clouds
348,Hualmay,PE,-11.0964,-77.6139,66.31,79,29,7.11,scattered clouds
349,Charagua,BO,-19.8,-63.2167,69.37,70,100,4.5,overcast clouds
350,Yarovoye,RU,52.9273,78.58,71.47,47,52,5.73,light rain
351,Pribram,CZ,49.6899,14.0104,71.98,100,80,7.14,broken clouds
352,Hindupur,IN,13.8289,77.4933,89.74,40,34,4.07,scattered clouds
353,Zhezkazgan,KZ,47.8043,67.7144,69.78,32,40,13.42,scattered clouds
354,Sao Mateus,BR,-18.7161,-39.8589,78.89,67,100,8.37,overcast clouds
355,Biu,NG,10.6129,12.1946,95.68,22,100,2.37,overcast clouds
356,Tambovka,RU,50.0969,128.0489,46.06,69,100,8.3,overcast clouds
357,Humboldt,US,40.6665,-123.9178,45.14,95,71,2.75,broken clouds
358,Camapua,BR,-19.5314,-54.0439,86.63,40,7,7.63,clear sky
359,Toul,FR,48.6667,5.9167,74.32,33,0,3.44,clear sky
360,Altay,CN,47.8667,88.1167,60.17,28,0,9.62,clear sky
361,Abnub,EG,27.2696,31.1511,98.82,15,54,15.21,broken clouds
362,Niamey,NE,13.5137,2.1098,104.29,20,0,11.5,clear sky
363,Trelew,AR,-43.249,-65.3051,50.52,51,0,17.18,clear sky
364,Cabedelo,BR,-6.9811,-34.8339,79.47,75,36,12.62,scattered clouds
365,Pangnirtung,CA,66.1451,-65.7125,19.02,77,5,2.48,clear sky
366,Demba,CD,-5.51,22.2667,90.64,33,41,5.55,scattered clouds
367,Mahibadhoo,MV,3.7833,72.9667,83.95,74,100,17.6,moderate rain
368,Lebyazhye,RU,55.2689,66.4947,60.66,57,100,10.04,overcast clouds
369,Agropoli,IT,40.3469,14.9966,73.09,52,73,6.11,broken clouds
370,Husavik,IS,66.0449,-17.3389,39.36,81,100,12.46,overcast clouds
371,Olafsvik,IS,64.8945,-23.7142,39.83,63,41,9.4,scattered clouds
372,Sorland,NO,67.667,12.6934,44.46,86,61,25.26,broken clouds
373,Tessalit,ML,20.1986,1.0114,99.39,6,0,9.37,clear sky
374,Andenes,NO,69.3143,16.1194,44.58,87,75,10.36,light intensity drizzle
375,Kuhdasht,IR,33.535,47.6061,80.15,13,0,8.93,clear sky
376,Werda,BW,-25.2667,23.2833,81.57,18,0,9.44,clear sky
377,Sao Miguel Do Araguaia,BR,-13.275,-50.1628,88.03,37,99,4.27,overcast clouds
378,Adrar,MR,20.5022,-10.0711,103.8,7,11,11.34,few clouds
379,Teknaf,BD,20.8624,92.3058,83.21,85,33,8.52,scattered clouds
380,Puerto Leguizamo,CO,-0.1934,-74.7819,76.5,92,87,3.22,overcast clouds
381,Hobyo,SO,5.3505,48.5268,83.12,76,82,27.49,broken clouds
382,Gobabis,NA,-22.45,18.9667,79.52,12,0,2.64,clear sky
383,Qasigiannguit,GL,68.8193,-51.1922,22.46,74,100,3.18,overcast clouds
384,Voi,KE,-3.3945,38.563,80.98,52,100,12.17,overcast clouds
385,Iralaya,HN,15.0,-83.2333,80.38,82,16,8.61,few clouds
386,Akureyri,IS,65.6835,-18.0878,44.53,53,20,3.44,few clouds
387,Sawakin,SD,19.1059,37.3321,91.22,51,1,9.31,clear sky
388,Iquitos,PE,-3.7481,-73.2472,78.84,89,40,4.61,scattered clouds
389,Prado,BR,-17.3411,-39.2208,76.87,85,98,10.29,overcast clouds
390,Anloga,GH,5.7947,0.8973,85.42,71,100,10.2,overcast clouds
391,Neuquen,AR,-38.9516,-68.0591,40.89,65,0,3.44,clear sky
392,Williamsport,US,41.2412,-77.0011,70.11,80,100,3.44,overcast clouds
393,Carballo,ES,43.213,-8.691,82.09,42,81,4.94,broken clouds
394,Bonthe,SL,7.5264,-12.505,86.27,67,65,10.31,light rain
395,Virtsu,EE,58.5716,23.5115,53.06,95,100,9.17,overcast clouds
396,Beyneu,KZ,45.3167,55.2,75.49,29,8,13.27,clear sky
397,Siparia,TT,10.1333,-61.5,87.82,77,8,5.99,clear sky
398,Vianopolis,BR,-16.7419,-48.5164,79.47,42,10,10.78,clear sky
399,Bignona,SN,12.8103,-16.2264,95.04,21,92,4.38,overcast clouds
400,Visby,SE,57.6409,18.296,61.95,71,0,11.5,clear sky
401,Amboasary,MG,-25.0333,46.3833,75.15,64,0,7.31,clear sky
402,Presidente Olegario,BR,-18.4178,-46.4181,78.55,44,39,6.08,scattered clouds
403,Iskateley,RU,67.6803,53.1512,58.3,64,14,9.4,few clouds
404,Marawi,PH,7.9986,124.2928,70.7,95,100,3.83,moderate rain
405,Salekhard,RU,66.53,66.6019,43.47,95,74,16.49,broken clouds
406,Emba,KZ,48.8264,58.1442,67.51,37,11,13.87,few clouds
407,Comodoro Rivadavia,AR,-45.8667,-67.5,48.06,49,0,11.5,clear sky
408,Uribia,CO,11.7139,-72.266,86.49,61,98,20.92,overcast clouds
409,Petauke,ZM,-14.2426,31.3253,77.04,31,0,6.4,clear sky
410,Omboue,GA,-1.5746,9.2618,83.55,75,97,10.56,light rain
411,Labytnangi,RU,66.6572,66.4183,44.15,92,80,16.35,broken clouds
412,San Juan,AR,-31.5375,-68.5364,58.71,72,99,10.22,overcast clouds
413,Gravdal,NO,68.1214,13.5031,43.41,84,30,23.78,scattered clouds
414,Saint-Augustin,CA,51.226,-58.6502,40.42,88,96,6.06,overcast clouds
415,Tukrah,LY,32.5341,20.5791,70.47,58,0,12.1,clear sky
416,Latur,IN,18.4,76.5833,99.45,18,22,8.61,few clouds
417,Suksun,RU,57.1431,57.3949,55.51,60,100,11.23,overcast clouds
418,Tortoli,IT,39.9256,9.6572,73.22,73,0,13.8,clear sky
419,Bloomsburg,US,41.0037,-76.4549,71.6,90,100,2.95,overcast clouds
420,Ciechocinek,PL,52.8791,18.7951,63.66,54,98,15.17,overcast clouds
421,Talcahuano,CL,-36.7167,-73.1167,50.04,60,100,5.75,overcast clouds
422,Lubaczow,PL,50.157,23.1234,64.51,66,96,11.74,overcast clouds
423,Chipinge,ZW,-20.1883,32.6236,69.35,48,0,7.34,clear sky
424,Kassala,SD,15.451,36.4,109.65,6,0,8.25,clear sky
425,Antalaha,MG,-14.9003,50.2788,77.7,66,0,15.7,clear sky
426,Abeche,TD,13.8292,20.8324,103.98,18,26,11.05,scattered clouds
427,Abu Dhabi,AE,24.4667,54.3667,86.11,46,0,17.27,clear sky
428,Natal,BR,-5.795,-35.2094,84.85,79,75,13.8,broken clouds
429,Greece,US,43.2098,-77.6931,76.62,71,20,11.5,few clouds
430,Novoagansk,RU,61.9449,76.6625,66.13,46,97,9.48,overcast clouds
431,Santa Cruz Cabralia,BR,-16.2781,-39.0247,77.23,78,40,5.75,scattered clouds
432,Imbituba,BR,-28.24,-48.6703,70.09,85,40,15.01,scattered clouds
433,Ramjibanpur,IN,22.8333,87.6167,87.96,66,91,18.07,overcast clouds
434,Bull Savanna,JM,17.8868,-77.5902,79.39,74,100,13.09,overcast clouds
435,Nizhniy Lomov,RU,53.5304,43.6766,57.51,65,77,13.91,broken clouds
436,Road Town,VG,18.4167,-64.6167,82.49,74,40,13.8,scattered clouds
437,Onega,RU,63.9061,38.1404,49.6,75,99,7.05,light rain
438,Worcester,US,42.3334,-71.8328,77.76,69,27,1.99,scattered clouds
439,Rio Gallegos,AR,-51.6226,-69.2181,35.65,80,0,8.05,clear sky
440,Porbandar,IN,21.6422,69.6093,85.19,78,0,13.13,clear sky
441,Mocuba,MZ,-16.8392,36.9856,75.76,77,17,4.25,light rain
442,Pemba,MZ,-12.974,40.5178,83.1,65,20,12.66,few clouds
443,Azuaga,ES,38.2667,-5.6833,83.66,26,8,17.0,clear sky
444,Obninsk,RU,55.0969,36.6103,54.84,70,84,9.57,light rain
445,Foumban,CM,5.7291,10.9001,76.08,68,35,6.71,scattered clouds
446,Thompson,CA,55.7435,-97.8558,35.76,100,100,17.27,mist
447,Diffa,NE,13.3154,12.6113,104.85,7,7,10.18,clear sky
448,Praia Da Vitoria,PT,38.7333,-27.0667,66.45,72,40,24.25,light intensity shower rain
449,Coihaique,CL,-45.5752,-72.0662,39.15,87,20,4.61,few clouds
450,San Carlos De Bariloche,AR,-41.1456,-71.3082,31.75,86,40,3.44,scattered clouds
451,Paramonga,PE,-10.6667,-77.8333,66.07,81,45,6.76,scattered clouds
452,Eyl,SO,7.9803,49.8164,88.83,59,93,27.22,overcast clouds
453,Honningsvag,NO,70.9821,25.9704,38.95,75,69,11.5,broken clouds
454,Skvyra,UA,49.7318,29.6657,60.94,69,76,13.8,light rain
455,Kilindoni,TZ,-7.9139,39.6668,80.24,75,5,12.84,clear sky
456,Urengoy,RU,65.9667,78.3667,45.01,98,100,13.18,overcast clouds
457,Mezen,RU,65.8522,44.24,58.98,59,87,7.85,overcast clouds
458,Ancona,IT,43.55,13.1667,80.67,53,97,8.05,overcast clouds
459,Bejar,ES,40.3864,-5.7634,81.57,34,88,8.39,overcast clouds
460,Vallenar,CL,-28.5708,-70.7581,68.11,37,0,2.75,clear sky
461,Lubango,AO,-14.9172,13.4925,80.46,24,20,2.3,few clouds
462,Beloha,MG,-25.1667,45.05,77.34,45,0,6.96,clear sky
463,Ushtobe,KZ,45.2514,77.9838,67.44,54,100,7.94,overcast clouds
464,Saint-Georges,GD,12.0564,-61.7485,83.88,70,20,16.11,few clouds
465,Buenos Aires,AR,-34.6132,-58.3772,60.98,78,40,6.91,scattered clouds
466,Sept-Iles,CA,50.2001,-66.3821,57.63,50,20,8.05,few clouds
467,Pryazha,RU,61.6926,33.6216,52.83,69,100,4.61,overcast clouds
468,Mweka,CD,-4.85,21.5667,89.73,41,94,1.86,overcast clouds
469,Kalmunai,LK,7.4167,81.8167,81.95,80,99,8.08,overcast clouds
470,Tsiroanomandidy,MG,-18.7667,46.0333,72.75,54,8,3.51,clear sky
471,Karak,JO,31.1667,35.75,91.09,11,100,11.81,overcast clouds
472,Lakeside,US,30.13,-81.7682,80.96,72,20,3.44,few clouds
473,Ibra,OM,22.6906,58.5334,102.22,6,0,12.8,clear sky
474,Havre-Saint-Pierre,CA,50.2334,-63.5986,53.96,62,0,6.91,clear sky
475,Chardara,KZ,41.2547,67.9692,69.78,59,98,12.75,light rain
476,San Benito Abad,CO,8.929,-75.0271,80.17,87,100,4.45,overcast clouds
477,Miandrivazo,MG,-19.5167,45.4667,84.31,42,16,4.32,few clouds
478,Port Blair,IN,11.6667,92.75,82.44,83,40,3.44,mist
479,Inirida,CO,3.8653,-67.9239,80.87,89,70,1.83,broken clouds
480,North Myrtle Beach,US,33.816,-78.68,77.11,79,0,5.75,clear sky
481,Eirunepe,BR,-6.6603,-69.8736,82.69,75,99,2.51,overcast clouds
482,Nabha,IN,30.3747,76.1486,103.96,4,0,7.76,clear sky
483,Fort-Shevchenko,KZ,44.5086,50.263,63.52,64,16,15.66,few clouds
484,Aguimes,ES,27.9054,-15.4461,70.43,73,75,14.97,broken clouds
485,Springbok,ZA,-29.6643,17.8865,70.47,9,0,3.4,clear sky
486,Taoudenni,ML,22.6783,-3.9836,101.1,7,12,19.62,few clouds
487,Nantucket,US,41.2835,-70.0995,69.94,94,100,11.5,mist
488,Nemencine,LT,54.85,25.4833,56.26,77,84,14.65,broken clouds
489,Mariinskiy Posad,RU,56.115,47.718,65.34,62,100,11.56,light rain
490,Port-Cartier,CA,50.0334,-66.8654,57.31,58,6,8.97,clear sky
491,Boa Vista,BR,2.8197,-60.6733,82.38,74,20,17.27,few clouds
492,Mwense,ZM,-10.3845,28.698,81.03,39,6,4.16,clear sky
493,Simplicio Mendes,BR,-7.8539,-41.9103,93.15,29,34,11.48,scattered clouds
494,Donskoye,RU,45.4552,41.9741,77.13,54,0,7.34,clear sky
495,Knysna,ZA,-34.0363,23.0471,64.6,60,15,5.73,few clouds
496,Abdanan,IR,32.9926,47.4198,84.92,11,0,8.25,clear sky
497,Nkawkaw,GH,6.5512,-0.7662,92.39,48,100,4.21,overcast clouds
498,Kozhva,RU,65.1073,57.0459,59.7,50,100,11.61,overcast clouds
499,Atar,MR,20.5169,-13.0499,108.41,7,100,14.47,overcast clouds
500,Mizdah,LY,31.4451,12.9801,80.35,17,0,3.49,clear sky
501,Ravar,IR,31.2656,56.8055,73.72,25,6,18.23,clear sky
502,Taltal,CL,-25.4,-70.4833,64.33,65,0,5.01,clear sky
503,Gamba,GA,-2.65,10.0,82.96,76,62,10.09,broken clouds
504,Sabzevar,IR,36.2126,57.6819,74.48,25,40,9.22,scattered clouds
505,Sao Borja,BR,-28.6606,-56.0044,62.94,95,100,1.54,overcast clouds
506,Dharchula,IN,29.85,80.5333,75.81,48,87,8.14,overcast clouds
507,Anaco,VE,9.4389,-64.4728,87.31,47,9,12.77,clear sky
508,Mehkar,IN,20.1508,76.569,99.45,20,2,9.33,clear sky
509,Seminole,US,28.7086,-81.2081,81.09,81,0,1.01,clear sky
510,Malakal,SS,9.5334,31.6605,101.05,24,97,5.37,overcast clouds
511,Surab,PK,28.4914,66.2585,79.5,14,0,14.88,clear sky
512,Totma,RU,59.9747,42.7642,43.56,96,100,6.53,overcast clouds
513,Broadstairs,GB,51.3591,1.4394,69.01,70,3,7.52,clear sky
514,Hofn,IS,64.2539,-15.2082,38.77,87,99,13.49,overcast clouds
515,Louis Trichardt,ZA,-23.0439,29.9032,77.27,30,74,7.14,broken clouds
516,Umba,RU,66.6871,34.3429,48.72,71,98,2.71,overcast clouds
517,Abu Samrah,SY,35.3029,37.1841,84.81,23,63,24.56,broken clouds
518,Nizwa,OM,22.9333,57.5333,97.92,13,0,9.57,clear sky
519,Kemijarvi,FI,66.7131,27.4306,56.75,45,99,3.2,overcast clouds
520,Kingston,JM,17.997,-76.7936,82.24,71,75,20.71,broken clouds
521,Lokosovo,RU,61.1333,74.8167,60.3,67,100,9.19,light rain
522,Marienburg,PL,54.0359,19.0266,62.11,61,67,16.78,broken clouds
523,Mortka,RU,59.3322,66.0214,56.1,52,51,6.46,broken clouds
524,Kholm-Zhirkovskiy,RU,55.5189,33.4731,51.71,65,100,9.01,overcast clouds
525,Itarema,BR,-2.9248,-39.9167,79.97,83,100,12.57,overcast clouds
526,Karpogory,RU,64.0019,44.4451,59.32,60,54,2.89,light rain
527,Rochefort,FR,45.9167,-1.0,80.65,57,100,8.32,overcast clouds
528,Malatya,TR,38.5,38.0,71.65,29,75,23.02,broken clouds
529,Santa Rosa,PH,14.3122,121.1114,87.78,75,80,2.66,broken clouds
530,Whithorn,JM,18.2604,-78.0378,80.44,63,100,3.02,overcast clouds
531,Beni Suef,EG,29.0731,31.0979,94.05,18,100,18.88,overcast clouds
532,Huarmey,PE,-10.0681,-78.1522,66.79,81,23,5.68,few clouds
533,Vidalia,US,32.2177,-82.4135,67.95,88,100,0.0,overcast clouds
534,Gaoual,GN,11.75,-13.2,109.29,19,11,2.86,few clouds
535,Tromso,NO,69.6496,18.957,48.22,57,40,4.61,light rain
536,Cap-Aux-Meules,CA,47.3821,-61.8597,42.85,93,100,23.02,mist
537,Severnyy,RU,50.677,36.5532,57.24,77,75,11.18,light intensity shower rain
538,Wick,GB,58.4333,-3.0833,57.25,58,100,9.22,overcast clouds
539,Vrede,ZA,-27.4257,29.1659,68.83,28,92,9.42,overcast clouds
540,Kiruna,SE,67.8557,20.2251,41.92,87,100,8.05,light rain
541,Gogrial,SS,8.5332,28.1004,101.25,24,99,8.03,overcast clouds
542,Dhidhdhoo,MV,6.8833,73.1,81.46,78,100,23.6,light rain
543,Rivne,UA,50.6231,26.2274,60.39,64,53,15.1,light rain
544,Maraa,BR,-1.8333,-65.3667,79.36,93,79,3.49,broken clouds
545,Sovetskiy,RU,61.3614,63.5842,48.78,79,83,12.71,light rain
546,Kasongo-Lunda,CD,-6.4667,16.8167,87.26,54,66,4.23,broken clouds
547,Santa Isabel Do Rio Negro,BR,-0.4139,-65.0192,75.6,96,100,2.51,overcast clouds
548,Horasan,TR,40.0458,42.1728,64.49,40,100,8.9,overcast clouds
549,Copiapo,CL,-27.3667,-70.3333,51.49,34,0,3.2,clear sky
550,Waunakee,US,43.1919,-89.4557,72.81,63,0,3.0,clear sky
551,Peniche,PT,39.3558,-9.3811,84.07,75,19,19.3,few clouds
552,Camacha,PT,33.0833,-16.3333,67.42,68,20,19.57,few clouds
553,Ust-Koksa,RU,50.2696,85.6108,58.26,51,17,3.44,few clouds
554,Manamadurai,IN,9.7,78.4833,84.9,55,100,10.63,overcast clouds
555,Balsas,BR,-7.5325,-46.0356,89.22,44,68,11.14,broken clouds
556,Sao Gabriel Da Cachoeira,BR,-0.1303,-67.0892,80.4,83,20,4.61,few clouds
557,Templemore,IE,52.7947,-7.8339,67.21,57,57,4.34,broken clouds
558,Itacare,BR,-14.2775,-38.9967,79.16,76,85,8.41,overcast clouds
559,Boyuibe,BO,-20.4167,-63.2833,65.73,70,98,6.76,overcast clouds
560,Malakwal,PK,32.5536,73.2123,102.34,4,0,7.11,clear sky
561,Samoded,RU,63.6083,40.5111,56.7,57,94,6.35,light rain
562,Kokorevka,RU,52.5872,34.2778,58.33,60,100,12.39,light rain
563,Tabou,CI,4.423,-7.3528,81.68,83,86,8.52,moderate rain
564,Orshanka,RU,56.9161,47.8933,54.97,74,72,11.74,light rain
565,Betanzos,ES,43.2804,-8.2147,83.32,39,0,13.8,clear sky
566,Teguise,ES,29.0605,-13.564,68.22,78,20,8.05,few clouds
567,Wana,PK,32.2989,69.5725,91.56,7,100,5.91,overcast clouds
568,Sao Felix Do Xingu,BR,-6.6447,-51.995,87.73,57,32,3.74,light rain
569,Vila Franca Do Campo,PT,37.7167,-25.4333,69.19,69,11,14.9,few clouds
570,Riviere-Au-Renard,CA,48.9957,-64.3971,59.29,82,26,17.38,scattered clouds
571,Lynchburg,US,37.4138,-79.1423,68.7,99,96,2.68,light rain
572,Araouane,ML,18.9048,-3.5265,102.16,5,38,21.99,scattered clouds
573,Lithakia,GR,37.7167,20.8333,74.57,72,2,11.27,clear sky
574,Kollam,IN,8.8833,76.6,78.66,87,100,7.07,overcast clouds
575,Turayf,SA,31.6725,38.6637,91.65,18,0,9.22,clear sky
576,Hukuntsi,BW,-24.0,21.75,82.24,14,0,8.03,clear sky
577,Mutare,ZW,-18.9707,32.6709,68.92,44,0,6.51,clear sky
578,Gulu,UG,2.7746,32.299,87.19,38,96,6.89,overcast clouds
579,Bonavista,CA,48.6499,-53.1147,33.67,86,100,12.53,snow
580,Raghogarh,IN,24.45,77.2,103.24,12,47,6.49,scattered clouds
581,Roald,NO,62.5833,6.1333,50.9,71,20,23.02,few clouds
582,Villazon,BO,-22.0866,-65.5942,46.76,22,0,2.01,clear sky
583,Ambilobe,MG,-13.2,49.05,78.26,65,0,1.14,clear sky
584,Rudraprayag,IN,30.2833,78.9833,85.23,19,18,1.25,few clouds
585,Chalus,IR,36.655,51.4204,67.46,73,20,9.22,few clouds
586,Santiago De Cao,PE,-7.9589,-79.2392,62.73,88,100,10.36,mist
587,Cacu,BR,-18.5567,-51.1308,86.32,37,17,7.67,few clouds
588,Morris,US,40.8334,-74.5329,69.58,81,100,3.0,mist
589,Maracacume,BR,-2.0428,-45.9592,87.13,63,94,7.78,overcast clouds
590,Souillac,MU,-20.5167,57.5167,77.38,65,20,5.75,few clouds
591,Meridian,US,43.6121,-116.3915,52.32,80,75,4.61,light rain
592,Bronkhorstspruit,ZA,-25.8102,28.7425,74.55,26,34,8.59,scattered clouds
593,Bafoulabe,ML,13.8065,-10.8321,112.48,5,4,10.83,clear sky
594,Malindi,KE,-3.2175,40.1191,82.06,71,97,15.08,overcast clouds
595,Kincardine,GB,56.0667,-3.7167,65.98,61,100,11.34,overcast clouds
596,Shetpe,KZ,44.1667,52.1167,68.92,39,0,20.96,clear sky
597,Voyvozh,RU,62.892,54.9635,53.91,65,100,4.25,overcast clouds
598,Leticia,CO,-4.2153,-69.9406,78.85,94,40,0.0,scattered clouds
599,Antofagasta,CL,-23.65,-70.4,58.28,60,6,4.61,clear sky
600,Walvis Bay,NA,-22.9575,14.5053,67.95,51,8,13.53,clear sky
601,Banda Aceh,ID,5.5577,95.3222,82.4,80,100,0.98,overcast clouds
602,Campoverde,PE,-8.4753,-74.8058,80.29,76,69,2.13,broken clouds
603,Meulaboh,ID,4.1363,96.1285,81.55,83,98,2.73,overcast clouds
604,Santa Maria,BR,-29.6842,-53.8069,54.7,100,100,5.75,mist
605,Bagotville,AU,-28.9833,153.4167,70.65,97,100,9.1,overcast clouds
606,Odda,NO,60.0691,6.5457,49.77,100,95,6.93,overcast clouds
607,Apopka,US,28.6806,-81.5095,80.85,67,6,1.01,clear sky
608,Nemours,FR,48.2751,2.6908,76.39,49,100,5.39,overcast clouds
609,Srikakulam,IN,18.3,83.9,85.44,83,6,12.26,clear sky
610,Tarazona,ES,41.9,-1.7333,80.42,74,100,21.18,light rain
611,Dalbandin,PK,28.8947,64.4101,92.03,12,0,10.8,clear sky
612,Suez,EG,29.9737,32.5263,86.5,31,100,18.63,overcast clouds
613,Montabaur,DE,50.4333,7.8333,76.71,37,22,5.7,few clouds
614,Butia,BR,-30.1197,-51.9622,65.39,70,100,2.19,overcast clouds
615,Alberton,CA,46.8168,-64.0654,51.93,88,92,10.16,overcast clouds
616,Kielce,PL,50.8703,20.6275,62.02,1,93,12.91,overcast clouds
617,Neftcala,AZ,39.3742,49.2472,65.43,70,0,19.28,clear sky
618,Rovaniemi,FI,66.5,25.7167,58.41,35,0,6.91,clear sky
619,Virginia Beach,US,36.8529,-75.978,68.05,96,100,0.0,mist
620,Sinnamary,GF,5.3833,-52.95,80.38,88,91,8.12,heavy intensity rain
621,Cap-Haitien,HT,19.7578,-72.2042,82.26,62,92,2.06,overcast clouds
622,Sechura,PE,-5.5569,-80.8222,69.67,75,51,9.82,broken clouds
623,Sharanga,RU,57.1775,46.5396,51.17,76,89,10.96,light rain
624,Elsterwerda,DE,51.45,13.5333,71.46,49,98,12.53,overcast clouds
625,Jacqueville,CI,5.2052,-4.4146,78.96,82,97,8.75,overcast clouds
626,Micheweni,TZ,-4.9667,39.8333,82.47,70,74,11.74,broken clouds
627,Iracoubo,GF,5.4802,-53.2011,80.19,89,86,8.28,heavy intensity rain
628,Maniitsoq,GL,65.4167,-52.9,26.76,67,100,12.62,overcast clouds
629,Hoshcha,UA,50.6003,26.6744,60.53,61,55,14.38,broken clouds
630,Benavente,ES,42.0025,-5.6783,76.33,36,56,4.38,broken clouds
631,Rudbar,AF,30.15,62.6,85.1,20,0,22.15,clear sky
632,Zhanaozen,KZ,43.3,52.8,66.34,38,0,18.68,clear sky
633,Saposoa,PE,-6.934,-76.7716,76.01,82,78,1.21,broken clouds
634,Cuamba,MZ,-14.8031,36.5372,77.86,45,8,0.81,clear sky
635,Malanje,AO,-9.5402,16.341,82.53,38,68,4.85,broken clouds
636,Bereda,ES,43.2686,-7.5406,77.41,31,100,5.26,overcast clouds
637,Itaituba,BR,-4.2761,-55.9836,87.96,70,40,5.75,scattered clouds
638,Florianopolis,BR,-27.6146,-48.5012,70.12,81,40,5.75,scattered clouds
639,Morogoro,TZ,-6.8167,37.6667,82.58,65,75,0.0,broken clouds
640,Bolotnoye,RU,55.6717,84.3981,66.49,43,94,6.08,overcast clouds
641,Carlos Chagas,BR,-17.7031,-40.7664,79.77,61,100,7.54,overcast clouds
642,Lieto,FI,60.5103,22.4618,60.3,60,40,11.5,scattered clouds
643,Benguela,AO,-12.5763,13.4055,81.21,71,4,8.72,clear sky
644,Kibala,TD,9.1104,18.3463,93.15,36,0,6.91,clear sky
645,Podyuga,RU,61.095,40.8647,49.46,86,100,4.34,light rain
646,Vatne,NO,62.5667,6.65,46.58,74,77,18.92,broken clouds
647,Megion,RU,61.0296,76.1136,68.02,71,100,14.47,moderate rain
648,Corbelia,BR,-24.7989,-53.3067,63.75,72,100,9.17,moderate rain
649,Melchor De Mencos,GT,17.0686,-89.1522,73.4,88,0,4.61,clear sky
650,Paita,PE,-5.0892,-81.1144,68.67,79,40,9.78,scattered clouds
651,Krasnovishersk,RU,60.4078,57.082,47.91,92,100,12.35,light rain
652,Maxixe,MZ,-23.8597,35.3472,75.2,68,0,7.54,clear sky
653,Hit,IQ,33.6416,42.8251,93.63,9,16,12.55,few clouds
654,Orangeburg,US,33.4918,-80.8557,73.24,77,75,1.99,broken clouds
655,Capaci,IT,38.1711,13.2393,80.65,40,0,17.27,clear sky
656,Consett,GB,54.854,-1.8316,67.96,49,96,7.45,overcast clouds
657,Ruiselede,BE,51.0572,3.3788,76.03,56,20,10.0,few clouds
658,Floro,NO,61.5996,5.0328,50.23,71,40,8.05,scattered clouds
659,Gao,ML,16.6362,1.637,107.22,5,98,2.62,overcast clouds
660,Chiredzi,ZW,-21.05,31.6667,84.2,25,0,9.06,clear sky
